[{"system_name": "ja3-zhaoyi-vcc20-team01_intra", "abbreviation": "team01_intra"}, {"system_name": "ja3-zhaoyi-vcc20-team02_cross", "abbreviation": "team02_cross"}, {"system_name": "ja3-zhaoyi-vcc20-team02_intra", "abbreviation": "team02_intra"}, {"system_name": "ja3-zhaoyi-vcc20-team03_cross", "abbreviation": "team03_cross"}, {"system_name": "ja3-zhaoyi-vcc20-team03_intra", "abbreviation": "team03_intra"}, {"system_name": "ja3-zhaoyi-vcc20-team04_intra", "abbreviation": "team04_intra"}, {"system_name": "ja3-zhaoyi-vcc20-team05_cross", "abbreviation": "team05_cross"}, {"system_name": "ja3-zhaoyi-vcc20-team06_cross", "abbreviation": "team06_cross"}, {"system_name": "ja3-zhaoyi-vcc20-team06_intra", "abbreviation": "team06_intra"}, {"system_name": "ja3-zhaoyi-vcc20-team07_cross", "abbreviation": "team07_cross"}, {"system_name": "ja3-zhaoyi-vcc20-team07_intra", "abbreviation": "team07_intra"}, {"system_name": "ja3-zhaoyi-vcc20-team08_cross", "abbreviation": "team08_cross"}, {"system_name": "ja3-zhaoyi-vcc20-team08_intra", "abbreviation": "team08_intra"}, {"system_name": "ja3-zhaoyi-vcc20-team09_cross", "abbreviation": "team09_cross"}, {"system_name": "ja3-zhaoyi-vcc20-team09_intra", "abbreviation": "team09_intra"}, {"system_name": "ja3-zhaoyi-vcc20-team10_cross", "abbreviation": "team10_cross"}, {"system_name": "ja3-zhaoyi-vcc20-team10_intra", "abbreviation": "team10_intra"}, {"system_name": "ja3-zhaoyi-vcc20-team11_cross", "abbreviation": "team11_cross"}, {"system_name": "ja3-zhaoyi-vcc20-team11_intra", "abbreviation": "team11_intra"}, {"system_name": "ja3-zhaoyi-vcc20-team12_cross", "abbreviation": "team12_cross"}, {"system_name": "ja3-zhaoyi-vcc20-team12_intra", "abbreviation": "team12_intra"}, {"system_name": "ja3-zhaoyi-vcc20-team13_cross", "abbreviation": "team13_cross"}, {"system_name": "ja3-zhaoyi-vcc20-team13_intra", "abbreviation": "team13_intra"}, {"system_name": "ja3-zhaoyi-vcc20-team14_intra", "abbreviation": "team14_intra"}, {"system_name": "ja3-zhaoyi-vcc20-team15_cross", "abbreviation": "team15_cross"}, {"system_name": "ja3-zhaoyi-vcc20-team16_cross", "abbreviation": "team16_cross"}, {"system_name": "ja3-zhaoyi-vcc20-team16_intra", "abbreviation": "team16_intra"}, {"system_name": "ja3-zhaoyi-vcc20-team17_intra", "abbreviation": "team17_intra"}, {"system_name": "ja3-zhaoyi-vcc20-team18_cross", "abbreviation": "team18_cross"}, {"system_name": "ja3-zhaoyi-vcc20-team18_intra", "abbreviation": "team18_intra"}, {"system_name": "ja3-zhaoyi-vcc20-team19_cross", "abbreviation": "team19_cross"}, {"system_name": "ja3-zhaoyi-vcc20-team19_intra", "abbreviation": "team19_intra"}, {"system_name": "ja3-zhaoyi-vcc20-team20_cross", "abbreviation": "team20_cross"}, {"system_name": "ja3-zhaoyi-vcc20-team20_intra", "abbreviation": "team20_intra"}, {"system_name": "ja3-zhaoyi-vcc20-team21_intra", "abbreviation": "team21_intra"}, {"system_name": "ja3-zhaoyi-vcc20-team22_cross", "abbreviation": "team22_cross"}, {"system_name": "ja3-zhaoyi-vcc20-team22_intra", "abbreviation": "team22_intra"}, {"system_name": "ja3-zhaoyi-vcc20-team23_cross", "abbreviation": "team23_cross"}, {"system_name": "ja3-zhaoyi-vcc20-team23_intra", "abbreviation": "team23_intra"}, {"system_name": "ja3-zhaoyi-vcc20-team24_cross", "abbreviation": "team24_cross"}, {"system_name": "ja3-zhaoyi-vcc20-team24_intra", "abbreviation": "team24_intra"}, {"system_name": "ja3-zhaoyi-vcc20-team25_cross", "abbreviation": "team25_cross"}, {"system_name": "ja3-zhaoyi-vcc20-team25_intra", "abbreviation": "team25_intra"}, {"system_name": "ja3-zhaoyi-vcc20-team26_cross", "abbreviation": "team26_cross"}, {"system_name": "ja3-zhaoyi-vcc20-team26_intra", "abbreviation": "team26_intra"}, {"system_name": "ja3-zhaoyi-vcc20-team27_cross", "abbreviation": "team27_cross"}, {"system_name": "ja3-zhaoyi-vcc20-team27_intra", "abbreviation": "team27_intra"}, {"system_name": "ja3-zhaoyi-vcc20-team28_cross", "abbreviation": "team28_cross"}, {"system_name": "ja3-zhaoyi-vcc20-team28_intra", "abbreviation": "team28_intra"}, {"system_name": "ja3-zhaoyi-vcc20-team29_cross", "abbreviation": "team29_cross"}, {"system_name": "ja3-zhaoyi-vcc20-team29_intra", "abbreviation": "team29_intra"}, {"system_name": "ja3-zhaoyi-vcc20-team30_cross", "abbreviation": "team30_cross"}, {"system_name": "ja3-zhaoyi-vcc20-team30_intra", "abbreviation": "team30_intra"}, {"system_name": "ja3-zhaoyi-vcc20-team31_cross", "abbreviation": "team31_cross"}, {"system_name": "ja3-zhaoyi-vcc20-team31_intra", "abbreviation": "team31_intra"}, {"system_name": "ja3-zhaoyi-vcc20-team32_cross", "abbreviation": "team32_cross"}, {"system_name": "ja3-zhaoyi-vcc20-team32_intra", "abbreviation": "team32_intra"}, {"system_name": "ja3-zhaoyi-vcc20-team33_cross", "abbreviation": "team33_cross"}, {"system_name": "ja3-zhaoyi-vcc20-team33_intra", "abbreviation": "team33_intra"}, {"system_name": "ja3-zhaoyi-vcc20-team34_cross", "abbreviation": "team34_cross"}, {"system_name": "ja3-zhaoyi-vcc20-team34_intra", "abbreviation": "team34_intra"}, {"system_name": "ja3-zhaoyi-vcc20-ref", "abbreviation": "ref"}]

